"provider_type","n","mean_normalized","median_normalized","sd_normalized","min_normalized","max_normalized"
"Nurse Practitioner",2,1238.85089169305,1238.85089169305,711.777019094571,735.548534798535,1742.15324858757
"Attending Psychiatrist",22,477.054864958619,461.177899385561,284.752540336019,64.103125,1039.57888493476
"Psychiatry Resident/Fellow",32,341.229831103078,342.597278769531,168.329536622678,91.0877777777778,790.435151515152
